title,author,category,description,content,year
"Lập Trình Java Từ Cơ Bản Đến Nâng Cao","Phạm Văn Anh","Lập trình Java","Giáo trình lập trình Java hướng đối tượng OOP  và Java","Học lập trình Java từ cơ bản đến nâng cao với các khái niệm hướng đối tượng. Class và object là nền tảng của Java với các thuộc tính và phương thức. Kế thừa inheritance cho phép class con thừa hưởng từ class cha để tái sử dụng code. Đa hình polymorphism với overriding và overloading giúp code linh hoạt. Interface định nghĩa hợp đồng mà class phải tuân theo. Abstract class không thể khởi tạo trực tiếp dùng làm lớp cơ sở. Constructor khởi tạo object với các tham số ban đầu. Exception handling với try catch finally để xử lý lỗi runtime. Collections framework ArrayList HashMap TreeSet để lưu trữ dữ liệu. Stream API và lambda expression cho functional programming hiện đại.",2021
"Python Cho Khoa Học Dữ Liệu","Nguyễn Thị Bình","Khoa học dữ liệu","Phân tích dữ liệu và machine learning với Python","Python là ngôn ngữ lập trình mạnh mẽ cho data science và machine learning. Pandas library xử lý dataframe đọc CSV Excel làm sạch dữ liệu missing values. NumPy thao tác array matrix tính toán khoa học nhanh chóng hiệu quả. Matplotlib và Seaborn vẽ biểu đồ trực quan hóa dữ liệu histogram scatter plot. Scikit-learn cung cấp thuật toán machine learning regression classification clustering. Linear regression dự đoán giá trị liên tục từ features đầu vào. Logistic regression phân loại binary với sigmoid function. Decision tree và random forest cho bài toán classification phức tạp. K-means clustering phân nhóm dữ liệu không nhãn unsupervised learning. Model evaluation với accuracy precision recall F1-score confusion matrix cross-validation.",2022
"Trí Tuệ Nhân Tạo Và Deep Learning","Lê Quang Dũng","Trí tuệ nhân tạo","Neural networks và deep learning với TensorFlow Keras","Trí tuệ nhân tạo AI là lĩnh vực máy tính mô phỏng trí thông minh con người. Neural network mạng nơ-ron nhân tạo gồm input hidden output layers. Activation function ReLU sigmoid tanh giúp network học non-linear patterns. Backpropagation lan truyền ngược để cập nhật weights thông qua gradient descent. Convolutional neural network CNN cho computer vision xử lý ảnh. Pooling layer giảm kích thước feature maps max pooling average pooling. Recurrent neural network RNN xử lý chuỗi dữ liệu time series text. LSTM long short-term memory giải quyết vanishing gradient problem. Transfer learning sử dụng pretrained model VGG ResNet BERT. Hyperparameter tuning learning rate batch size epochs optimizer Adam SGD.",2023
"Cấu Trúc Dữ Liệu Giải Thuật C++","Trần Minh Hoàng","Thuật toán","Cấu trúc dữ liệu và thuật toán với C++","Cấu trúc dữ liệu data structure tổ chức lưu trữ dữ liệu hiệu quả trong máy tính. Array mảng lưu các phần tử cùng kiểu theo index truy xuất O(1). Linked list danh sách liên kết nodes pointer next previous doubly singly. Stack ngăn xếp LIFO last in first out push pop operations. Queue hàng đợi FIFO first in first out enqueue dequeue circular queue. Tree cây nhị phân binary search tree AVL tree cân bằng chiều cao. Graph đồ thị vertices edges adjacency matrix list BFS DFS traversal. Hash table băm collision resolution chaining open addressing. Sorting algorithms quicksort mergesort heapsort time complexity O(n log n). Searching binary search yêu cầu mảng đã sắp xếp O(log n). Dynamic programming quy hoạch động memoization bài toán tối ưu knapsack LCS.",2020
"Cơ Sở Dữ Liệu SQL Server","Đỗ Văn Tùng","Cơ sở dữ liệu","Quản trị cơ sở dữ liệu SQL Server và T-SQL","Cơ sở dữ liệu database quản lý dữ liệu có cấu trúc tables rows columns. SQL Structured Query Language ngôn ngữ truy vấn cơ sở dữ liệu quan hệ. SELECT lấy dữ liệu FROM bảng WHERE điều kiện ORDER BY sắp xếp. JOIN kết nối bảng INNER LEFT RIGHT FULL OUTER CROSS join. INSERT thêm dữ liệu UPDATE cập nhật DELETE xóa dữ liệu. Primary key khóa chính định danh duy nhất mỗi record. Foreign key khóa ngoại tham chiếu đến primary key bảng khác. Index tạo chỉ mục tăng tốc truy vấn B-tree clustered non-clustered. Stored procedure thủ tục lưu trữ tái sử dụng logic nghiệp vụ. Transaction giao dịch ACID atomicity consistency isolation durability COMMIT ROLLBACK.",2021
"Phát Triển Web với ReactJS","Vũ Thị Mai","Lập trình web","Xây dựng ứng dụng web hiện đại với React hooks","ReactJS là thư viện JavaScript để xây dựng user interface component-based. Component là khối xây dựng cơ bản functional component và class component. JSX syntax mở rộng JavaScript viết HTML trong code dễ đọc. Props properties truyền dữ liệu từ parent component sang child component immutable. State trạng thái nội bộ component thay đổi được re-render UI. useState hook quản lý state trong functional component. useEffect hook xử lý side effects fetch API lifecycle methods. Event handling onClick onChange onSubmit xử lý tương tác người dùng. Conditional rendering hiển thị component theo điều kiện ternary operator. React Router navigation giữa các pages Link Route Switch BrowserRouter. Redux state management global state action reducer store Provider.",2022
"Node.js Backend API Development","Phạm Quốc Khánh","Lập trình backend","Xây dựng REST API với Node.js Express MongoDB","Node.js runtime JavaScript chạy server-side non-blocking event-driven asynchronous. Express framework Node.js routing middleware controller MVC pattern. HTTP methods GET lấy dữ liệu POST tạo mới PUT cập nhật DELETE xóa. REST API thiết kế endpoint resource URL JSON response. MongoDB database NoSQL document-oriented collections flexible schema. Mongoose ODM object data modeling schema model query validation. Authentication xác thực người dùng JWT JSON Web Token. Authorization phân quyền role-based access control middleware guard. bcrypt hash mật khẩu salt rounds security. Error handling try catch async await middleware. CORS cross-origin resource sharing security headers. Testing API Mocha Chai Supertest unit test integration test.",2023
"Docker Kubernetes DevOps","Lê Minh Tuấn","DevOps","Container hóa ứng dụng và orchestration với Kubernetes","Docker là platform container hóa ứng dụng lightweight virtualization isolated environment. Image template chứa code dependencies libraries OS để chạy application. Dockerfile script định nghĩa cách build image FROM RUN COPY CMD. Container instance của image chạy isolated process namespace cgroups. Volume lưu trữ persistent data bind mount named volume. Docker Compose định nghĩa multi-container application services networks. Kubernetes orchestration platform quản lý containers cluster nodes. Pod nhỏ nhất deployment unit chứa một hoặc nhiều containers. Deployment quản lý replicas scaling rolling update. Service expose pod network load balancing ClusterIP NodePort LoadBalancer. ConfigMap Secret quản lý configuration sensitive data. Ingress routing external traffic vào cluster.",2023
"An Toàn Thông Tin Mạng","Hoàng Văn Nam","Bảo mật","Bảo mật hệ thống mạng máy tính và ứng dụng web","An toàn thông tin information security bảo vệ dữ liệu khỏi truy cập trái phép. CIA triad confidentiality bảo mật integrity toàn vẹn availability sẵn sàng. Encryption mã hóa symmetric AES DES asymmetric RSA public private key. Hash function SHA MD5 one-way không thể reverse checksum integrity. Digital signature chữ ký số xác thực người gửi certificate authority PKI. Firewall tường lửa lọc traffic packet filtering stateful inspection. Intrusion detection system IDS phát hiện tấn công signature-based anomaly-based. Penetration testing kiểm thử xâm nhập ethical hacking vulnerability assessment. SQL injection XSS cross-site scripting CSRF web application vulnerabilities. Network security protocol SSL TLS HTTPS VPN IPsec secure communication.",2022
"Kinh Tế Vi Mô Ứng Dụng","Nguyễn Thanh Hà","Kinh tế","Lý thuyết kinh tế vi mô cung cầu thị trường","Kinh tế vi mô microeconomics nghiên cứu hành vi cá nhân doanh nghiệp thị trường. Cung supply số lượng hàng hóa người bán sẵn sàng bán ở mức giá. Cầu demand số lượng hàng hóa người mua muốn mua ở mức giá. Cân bằng thị trường equilibrium giao điểm cung cầu giá và lượng cân bằng. Đàn hồi elasticity độ nhạy cảm quantity khi price thay đổi elastic inelastic. Lý thuyết người tiêu dùng utility function hàm thỏa dụng budget constraint. Lý thuyết nhà sản xuất production function cost curve profit maximization. Cấu trúc thị trường cạnh tranh hoàn hảo monopoly độc quyền oligopoly. Ngoại ứng externalities chi phí lợi ích bên ngoài market failure. Hàng hóa công cộng public goods non-rival non-excludable.",2020
"Marketing Số Digital Marketing","Trần Thị Lan","Marketing","Chiến lược marketing online mạng xã hội SEO","Marketing số digital marketing quảng bá sản phẩm thương hiệu trên internet. SEO search engine optimization tối ưu hóa website lên top Google. Keyword research từ khóa tìm kiếm search volume competition. On-page SEO title meta description heading content optimization. Off-page SEO backlink authority domain rating link building. SEM search engine marketing quảng cáo Google Ads CPC bid keyword. Social media marketing Facebook Instagram TikTok engagement reach. Content marketing blog article video infographic storytelling. Email marketing newsletter campaign automation segmentation personalization. Analytics Google Analytics traffic bounce rate conversion rate ROI. Funnel awareness consideration decision customer journey. A/B testing experiment optimize conversion landing page CTA.",2022
"Quản Trị Nhân Sự Hiện Đại","Vũ Minh Phương","Quản trị nhân sự","Tuyển dụng đào tạo và phát triển nguồn nhân lực","Quản trị nhân sự human resource management tuyển dụng phát triển nhân viên. Recruitment tuyển dụng job description mô tả công việc yêu cầu ứng viên. Interview phỏng vấn structured behavioral situational đánh giá năng lực. Onboarding hội nhập nhân viên mới orientation training văn hóa công ty. Performance management quản trị hiệu suất KPI key performance indicator OKR. 360-degree feedback đánh giá từ nhiều góc độ đồng nghiệp cấp trên cấp dưới. Compensation lương thưởng salary bonus benefit package. Training and development đào tạo phát triển skill upskilling reskilling. Talent management quản trị tài năng succession planning high potential employee. Employee engagement gắn kết nhân viên motivation satisfaction retention turnover. Organizational culture văn hóa tổ chức mission vision values.",2021
"Kế Toán Tài Chính Doanh Nghiệp","Đặng Thị Hương","Kế toán","Nguyên lý kế toán báo cáo tài chính phân tích","Kế toán accounting ghi nhận đo lường báo cáo thông tin tài chính doanh nghiệp. Phương trình kế toán assets tài sản equals liabilities nợ plus equity vốn chủ. Chứng từ voucher invoice receipt hóa đơn chứng minh giao dịch. Sổ sách accounting books general ledger subsidiary ledger journal. Báo cáo tài chính financial statements balance sheet income statement cash flow. Balance sheet bảng cân đối kế toán assets liabilities equity tại thời điểm. Income statement báo cáo kết quả kinh doanh revenue expense net income. Cash flow statement báo cáo lưu chuyển tiền tệ operating investing financing. Depreciation khấu hao tài sản cố định straight-line declining balance. Inventory valuation định giá hàng tồn kho FIFO LIFO weighted average.",2020
"Luật Doanh Nghiệp Việt Nam","Lê Văn Toàn","Luật","Luật doanh nghiệp hợp đồng lao động thương mại","Luật doanh nghiệp enterprise law quy định thành lập hoạt động giải thể công ty. Công ty TNHH limited liability company một thành viên hai thành viên trở lên. Công ty cổ phần joint stock company cổ đông cổ phiếu đại hội cổ đông. Điều lệ công ty charter quy định quyền nghĩa vụ thành viên cổ đông. Hợp đồng contract thỏa thuận giữa các bên quyền và nghĩa vụ. Hợp đồng lao động labor contract người lao động người sử dụng lao động. Quyền và nghĩa vụ của người lao động lương thưởng bảo hiểm nghỉ phép. Chấm dứt hợp đồng termination thôi việc sa thải bồi thường. Hợp đồng mua bán sale contract seller buyer goods payment delivery. Tranh chấp hợp đồng dispute breach resolution arbitration litigation.",2021
"Đắc Nhân Tâm Dale Carnegie","Dale Carnegie","Kỹ năng sống","Nghệ thuật giao tiếp và ứng xử tạo ảnh hưởng","Đắc nhân tâm how to win friends nghệ thuật giao tiếp ứng xử tạo ảnh hưởng tích cực. Đừng phê phán chỉ trích don't criticize condemn complain người khác sai lầm. Khen ngợi chân thành sincere appreciation động viên khích lệ người khác. Gợi lên mong muốn thiết tha arouse eager want trong người khác. Thật sự quan tâm become genuinely interested đến người khác lắng nghe. Nụ cười smile tươi là cách đơn giản tạo thiện cảm. Gọi tên name nhớ remember điều quan trọng nhất với mọi người. Khuyến khích encourage người khác nói talk về bản thân họ. Làm cho feel important người khác cảm thấy quan trọng chân thành. Tránh tranh luận avoid arguments thừa nhận sai lầm admit mistakes nhanh chóng. Bắt đầu friendly manner thân thiện đồng cảm sympathetic người khác.",2015
"Tuổi Trẻ Đáng Giá Bao Nhiêu","Rosie Nguyễn","Kỹ năng sống","Phát triển bản thân định hướng nghề nghiệp cho giới trẻ","Tuổi trẻ là giai đoạn quý giá nhất để phát triển bản thân định hướng tương lai. Đặt mục tiêu rõ ràng goal setting SMART specific measurable achievable. Quản lý thời gian time management ưu tiên công việc quan trọng khẩn cấp. Đọc sách reading books học hỏi kiến thức mới mở rộng tầm nhìn. Networking xây dựng mối quan hệ kết nối người có ích cơ hội. Kỹ năng mềm soft skills giao tiếp làm việc nhóm thuyết trình. Tư duy tích cực positive mindset vượt qua khó khăn thất bại. Tiết kiệm đầu tư saving investing tài chính cá nhân lãi kép compound. Sức khỏe health tập thể dục ăn uống nghỉ ngơi cân bằng. Đam mê passion theo đuổi ước mơ không bỏ cuộc perseverance. Học từ thất bại learn from failure cải thiện bản thân growth mindset.",2019
"Nghĩ Giàu Làm Giàu Think Rich","Napoleon Hill","Tài chính cá nhân","Tư duy làm giàu nguyên tắc thành công","Nghĩ giàu làm giàu think and grow rich tư duy mindset là chìa khóa thành công giàu có. Desire khao khát burning desire mong muốn mãnh liệt đạt mục tiêu. Faith đức tin belief tin tưởng vào bản thân và khả năng. Autosuggestion tự gợi ý affirmation khẳng định tích cực mỗi ngày. Specialized knowledge kiến thức chuyên môn học hỏi không ngừng. Imagination trí tưởng tượng sáng tạo ý tưởng mới đổi mới. Organized planning kế hoạch chi tiết hành động cụ thể. Decision quyết đoán decisive không trì hoãn procrastination. Persistence kiên trì perseverance không bỏ cuộc khi gặp khó khăn. Mastermind group nhóm cố vấn học hỏi từ người thành công. Subconscious mind tiềm thức lập trình suy nghĩ tích cực. Transmutation chuyển hóa năng lượng passion sang productive work.",2016
"Atomic Habits Thói Quen Tốt","James Clear","Tự phát triển","Xây dựng thói quen tích cực phá bỏ thói xấu","Atomic habits thói quen nguyên tử tiny changes remarkable results thay đổi nhỏ kết quả lớn. Cue tín hiệu trigger kích hoạt behavior hành vi thói quen. Craving khao khát motivation động lực muốn thực hiện. Response phản ứng action hành động thực tế làm. Reward phần thưởng satisfaction thỏa mãn củng cố thói quen. Make it obvious rõ ràng environment môi trường visual cues. Make it attractive hấp dẫn temptation bundling habit stacking. Make it easy dễ dàng reduce friction two-minute rule. Make it satisfying thỏa mãn immediate reward tracking progress. Identity-based habits dựa trên bản sắc who you want to become. 1% better mỗi ngày compound effect lãi kép theo thời gian. Plateau of latent potential kiên nhẫn breakthrough tipping point.",2020
"Sapiens Lược Sử Loài Người","Yuval Harari","Lịch sử","Lịch sử nhân loại từ cổ đại đến hiện đại","Sapiens lược sử loài người history humankind từ săn bắn đến thống trị trái đất. Cách mạng nhận thức cognitive revolution ngôn ngữ language fiction tưởng tượng. Homo sapiens sapiens khả năng tin vào fiction myths legends gods. Cách mạng nông nghiệp agricultural revolution trồng trọt chăn nuôi định cư settled. Wheat밀 lúa mì domesticated thuần hóa con người hay ngược lại paradox. Empire đế chế unification thống nhất văn hóa religion tôn giáo money tiền tệ. Cách mạng khoa học scientific revolution kiến thức knowledge technology công nghệ. Capitalism chủ nghĩa tư bản growth tăng trưởng credit tín dụng investment. Industrial revolution công nghiệp machines máy móc urbanization đô thị hóa. Future tương lai biotechnology công nghệ sinh học AI cyborg immortality bất tử. Meaning ý nghĩa happiness hạnh phúc subjective well-being.",2018
"Tôi Thấy Hoa Vàng Trên Cỏ Xanh","Nguyễn Nhật Ánh","Văn học Việt Nam","Tuổi thơ miền quê Việt Nam tình anh em","Tuổi thơ childhood miền quê Vietnamese countryside hai anh em Thiều Tường brotherhood. Làng quê village yên bình peaceful cánh đồng rice fields sông suối streams. Tình anh em sibling love gắn bó close yêu thương chia sẻ sharing. Mẹ mother cha father gia đình family nghèo poor nhưng ấm áp warm. Bạn bè friends làng xóm neighborhood trò chơi traditional games dân gian. Thiên nhiên nature hoa vàng yellow flowers cỏ xanh green grass mùa hè summer. Kỷ niệm memories tuổi thơ ngây thơ innocent trong sáng pure. Nỗi buồn sadness chia ly separation trưởng thành growing up xa cách distance. Hoài niệm nostalgia về quá khứ past đẹp đẽ beautiful thanh bình peaceful. Giá trị values gia đình family tình người compassion làng quê countryside Vietnam.",2010
"Mắt Biếc Nguyễn Nhật Ánh","Nguyễn Nhật Ánh","Văn học Việt Nam","Tình yêu đơn phương tuổi thơ Hà Lan","Mắt biếc blue eyes tình yêu love đơn phương unrequited Ngạn Hà Lan. Tuổi thơ childhood làng quê village yên bình tình cảm feelings trong sáng pure. Hà Lan cô gái girl xinh đẹp beautiful mắt biếc blue eyes đặc biệt. Ngạn chàng trai boy yêu thương love Hà Lan từ bé childhood. Trưởng thành growing up chia ly separation đi xa away Hà Lan lấy chồng married. Nỗi đau pain tình yêu love không thành unrequited sacrifice hy sinh. Hoài niệm nostalgia kỷ niệm memories đẹp beautiful quá khứ past. Cảm xúc emotions buồn sad sâu lắng deep chạm touching trái tim heart. Tuổi trẻ youth ước mơ dreams tình đầu first love khó quên unforgettable. Thông điệp message về tình yêu love chân thành sincere và nỗi nhớ longing.",2014
"Truyện Kiều Nguyễn Du","Nguyễn Du","Văn học cổ điển","Thơ Nôm kiệt tác văn học Việt Nam Thúy Kiều","Truyện Kiều masterpiece thơ Nôm Nom poetry kiệt tác văn học Vietnamese literature cổ điển classical. Thúy Kiều tài sắc talented beautiful xuất chúng outstanding tài tử giai nhân beauty scholar. Kim Trọng tình yêu love thề nguyền vow sơn minh sea mountain hải thệ. Số phận fate destiny gia đình family khốn khó poverty bán thân sacrifice chuộc cha father. Mã Giám Sinh lừa dối deceive gian ác evil đày đọa suffering khổ nhục humiliation. Sở Khanh phụ tình unfaithful bạc nghĩa betrayal quân tử giả hypocrite gentleman. Từ Hải nghĩa hiệp righteous hero anh hùng thủy chung faithful loyal love. Hoàn Thư hiền thục virtuous nhường nhịn tolerant chung thủy faithful wife. Tài hoa talent gặp meet bạc mệnh ill-fate nhân sinh life nhiều nỗi sorrows. Luân thường moral đạo lý ethics trung loyalty hiếu filial tiết chastity nghĩa righteousness.",1820
"Số Đỏ Vũ Trọng Phụng","Vũ Trọng Phụng","Văn học Việt Nam","Phê phán xã hội thời thuộc địa Xuân Tóc Đỏ","Số đỏ lucky number phê phán satire xã hội society thời Pháp thuộc colonial Việt Nam. Xuân Tóc Đỏ Red-haired Xuân nhà báo journalist cơ hội opportunist không đạo đức immoral. Thế giới world báo chí press văn nghệ sĩ artists giả dối fake hypocrite. Vũ Trọng Phụng châm biếm satirize sâu sắc sharp những mặt trái dark side xã hội society. Ngôn ngữ language sắc bén sharp hài hước humorous phơi bày expose thực tế reality. Nhân vật characters điển hình typical cho giai cấp class thời period đó. Hiện thực phê phán critical realism văn học literature Việt Nam Vietnam hiện đại modern. Xã hội society bất công unjust đạo đức morality sa sút decline corruption tham nhũng. Nghệ thuật art phê phán criticism sắc sảo keen quan sát observation tỉ mỉ detailed. Giá trị value tác phẩm work lịch sử historical văn học literary Việt Nam Vietnam.",1936
"Chí Phèo Nam Cao","Nam Cao","Văn học Việt Nam","Bi kịch con người bị xã hội đẩy đi","Chí Phèo nhân vật character bi kịch tragedy xã hội society ruồng bỏ outcast reject. Nam Cao tác giả writer hiện thực realistic khắc họa portray số phận fate người human. Con người person mất nhân tính humanity vì do hoàn cảnh circumstances xã hội society. Nghèo đói poverty bị đối treat xử tệ badly trở thành become côn đồ hooligan. Tình yêu love Thị Nở duy nhất only hi vọng hope cuộc đời life Chí Phèo. Xã hội society phong kiến feudal áp bức oppression bất công injustice tạo create ra. Bi kịch tragedy không chỉ only cá nhân individual mà but xã hội social cả whole. Trách nhiệm responsibility xã hội society với người people bất hạnh unfortunate. Tác phẩm work sức mạnh power lay động moving mạnh strong về nhân văn humanism. Nam Cao văn học literature hiện thực realistic phê phán critical xuất sắc excellent Việt Nam.",1941
"Lão Hạc Nam Cao","Nam Cao","Văn học Việt Nam","Số phận người nông dân nghèo xã hội cũ","Lão Hạc old man Hạc người nông dân peasant nghèo poor xã hội society cũ old Việt Nam. Số phận fate bi thảm tragic tầng lớp class dưới lower đáy bottom xã hội society. Nghèo khó poverty không có nothing con chó dog Vàng tên Yellow là bạn friend duy nhất only. Người làng neighbors xa lánh avoid khinh thường despise vì because nghèo poor bệnh sick. Con trai son bỏ abandon cha father không chăm care sóc looking sau after. Lão già old man quyết định decide giết kill con chó dog yêu quý beloved rồi then tự tử suicide. Bi kịch tragedy xã hội society bất công unjust không nhân humanity đạo moral. Nam Cao tố cáo accuse chế độ regime phong kiến feudal thực dân colonial áp bức oppression. Tác phẩm work giá trị value nhân văn humanistic sâu sắc profound sức lay động moving power. Văn học literature hiện thực realistic Việt Nam Vietnam tiêu biểu typical outstanding.",1943
"Vợ Nhặt Kim Lân","Kim Lân","Văn học Việt Nam","Nạn đói 1945 tình người nghèo khó","Vợ nhặt picked-up wife truyện story nạn đói famine 1945 năm year Việt Nam Vietnam. Tràng nhân vật character nhặt pick người phụ nữ woman bỏ abandoned đói starving giữa amid nạn đói famine. Kim Lân tác giả author tái hiện recreate chân thực realistic cảnh scene đói khát starvation kinh hoàng terrible. Người dân people chết die đói starvation khắp everywhere thây corpse nằm lie đường roads. Tình người compassion humanity giữa trong hoàn cảnh circumstances khốn cùng desperate cùng cực extreme. Tràng nghèo poor nhưng but chia sẻ share cơm rice cháo porridge cứu save người woman. Tình yêu love nảy sinh arise từ from lòng nhân ái compassion không conditioned điều kiện. Người đàn bà woman hồi phục recover cảm động moved tình feelings Tràng ở lại stay. Tác phẩm work bộc lộ reveal lòng người heart human đẹp beautiful khổ đau suffering. Giá trị value nhân văn humanistic sâu sắc deep văn học literature Việt Nam Vietnam.",1956
"Tắt Đèn Ngô Tất Tố","Ngô Tất Tố","Văn học Việt Nam","Nông dân nghèo thời Pháp thuộc","Tắt đèn lights out tiểu thuyết novel về nông dân peasants nghèo poor thời era Pháp French thuộc colonial. Chí Phèo Thị Nở nhân vật characters điển hình typical số phận fate bi thảm tragic. Ngô Tất Tố tố cáo denounce chế độ regime phong kiến feudal thực dân colonialism áp bức oppression. Nông thôn countryside Việt Nam Vietnam nghèo đói poverty bóc lột exploitation thuế taxes nặng heavy. Địa chủ landlords quan lại mandarins bóc lột exploit người nông dân peasants tàn nhẫn cruel. Dân peasants chịu suffer đựng endure khổ cực hardship không lối way thoát escape. Hiện thực realistic sâu sắc profound về cuộc sống life nông thôn rural nghèo poor. Văn học literature hiện thực realism phê phán critical tiêu biểu representative Việt Nam Vietnam. Giá trị value tác phẩm work lịch sử historical nghệ thuật artistic cao high. Tố cáo accusation bất công injustice xã hội society cũ old kêu gọi call thay đổi change.",1939
"Dế Mèn Phiêu Lưu Ký Tô Hoài","Tô Hoài","Văn học thiếu nhi","Hành trình phiêu lưu của dế mèn","Dế Mèn cricket phiêu lưu adventure hành trình journey rời leave làng village khám phá explore thế giới world. Tô Hoài tác giả author nhân cách hóa personify côn trùng insects dạy teach bài học lessons cuộc sống life. Dế Mèn tính personality tò mò curious ham học eager knowledge muốn want khám phá discover. Gặp meet nhiều many nhân vật characters bạn friends kẻ enemy thù trong on đường road. Dế Choắt bạn friend tốt good trung thành loyal giúp đỡ help Dế Mèn khó khăn difficulties. Trải nghiệm experience nhiều many tình huống situations nguy hiểm dangerous thử thách challenges. Học learn được lessons về tình bạn friendship lòng dũng cảm courage trách nhiệm responsibility. Cuối cùng finally trở về return làng village trưởng thành mature hơn more hiểu understand ý nghĩa meaning. Tác phẩm work giá trị value giáo dục educational cao high cho trẻ em children Việt Nam. Văn học literature thiếu nhi children kinh điển classic nổi tiếng famous.",1941
"Tôi Là Bêtô Nguyễn Nhật Ánh","Nguyễn Nhật Ánh","Văn học thiếu nhi","Chuyện học trò vui nhộn hài hước","Tôi là Bêtô I am Beto chuyện stories học trò students vui funny hài hước humorous cuộc sống life trường school. Bêtô nhân vật character chính main học sinh student tinh nghịch mischievous thông minh smart. Bạn bè friends lớp class có nhiều many tính personality cách khác different nhau tạo create vui fun. Những tình huống situations hài funny xảy happen trong at trường school lớp classroom. Nguyễn Nhật Ánh tác giả author tái hiện recreate tuổi học trò school days trong pure sáng innocent. Các nhân vật characters gần close gũi relatable với to độc giả readers học sinh students. Những bài học lessons về tình bạn friendship sự chân thành sincerity và giúp đỡ helping. Văn phong style nhẹ light nhàng gentle hài humorous dễ easy đọc read hiểu understand. Tác phẩm work được love yêu thích nhiều many thế hệ generations học sinh students Việt Nam. Giá trị value giải entertainment trí entertainment và giáo educational dục educational.",2007
"Cho Tôi Xin Vé Đi Tuổi Thơ","Nguyễn Nhật Ánh","Văn học Việt Nam","Hồi ức tuổi thơ tình cảm gia đình","Cho tôi xin vé đi tuổi thơ give me ticket childhood hồi ức memories tuổi thơ childhood tác giả author. Nguyễn Nhật Ánh kể tell về about gia đình family mẹ mother anh chị siblings em. Tuổi thơ childhood ở at miền quê countryside nghèo poor nhưng but ấm áp warm hạnh phúc happy. Tình cảm feelings gia đình family sâu sắc deep gắn bó close yêu thương love. Mẹ mother nhân vật character trung tâm central hi sacrifice hy sinh vì for con children. Anh chị em siblings gắn bó bond chia share sẻ khó hardship khăn cùng together vui happy. Những kỷ niệm memories đẹp beautiful về about tuổi thơ childhood khó hard quên forget. Văn phong style chân sincere thành gần close gũi đầy full cảm emotion xúc. Tác phẩm work gợi evoke nhớ nostalgia về tuổi childhood thơ và family gia đình. Giá value trị về family gia đình tình love yêu thương và memories kỷ niệm.",2008
"Cánh Đồng Bất Tận Nguyễn Ngọc Tư","Nguyễn Ngọc Tư","Văn học Việt Nam","Cuộc sống đồng bằng sông Cửu Long","Cánh đồng bất tận endless fields tiểu novel thuyết về cuộc life sống miền region Tây West Nam South sông river nước water. Nguyễn Ngọc Tư khắc portray họa chân realistic thực cuộc life sống người people miền countryside quê. Nhân characters vật sống live gắn tied bó với land đất ruộng fields cánh fields đồng. Tình love yêu số fate phận khát thirst vọng aspiration con human người miền rural quê. Văn prose phong mộc rustic mạc gần close gũi với life đời sống thực reality tế. Cảnh scenes miền Tây West đẹp beautiful sông river rạch canals lúa rice nước water mênh vast mông. Những con human người với struggles đấu tranh tìm find kiếm hy hope vọng cuộc life sống. Tác work phẩm được praise đánh giá cao high về giá artistic trị nghệ artistic thuật. Văn literature học đương contemporary đại nổi outstanding bật Việt Vietnam Nam. Thông message điệp về cuộc life sống tình love yêu và khát aspiration vọng.",2005
"Hạnh Phúc Của Kẻ Cho Đi","Adam Grant","Tâm lý học","Tâm lý sự cho đi và nhận lại","Hạnh phúc của kẻ cho đi give and take tâm psychology lý về sự cho giving đi và nhận receiving lại. Adam Grant nghiên research cứu ba three kiểu types người people giver taker matcher. Giver người person cho give nhiều much hơn more nhận receive không expect mong đợi đền reward đáp. Taker người person luôn always nhận take nhiều much hơn more cho give ích self-serving kỷ. Matcher người person cân balance bằng cho giving và nhận taking quid pro quo trao exchange đổi. Nghiên research cứu chỉ show ra giver thành successful công nhất most trong long term dài hạn. Cho giving tạo creates mạng network lưới quan relationship hệ giúp help đỡ lẫn mutual nhau. Nhưng but giver cần need tránh avoid bị exploit lợi dụng bởi by takers. Strategic strategically cho giving thông smart minh biết know khi when nào giúp help ai who. Hạnh happiness phúc đến comes từ from việc giving cho đi và đóng contribute góp cho community cộng đồng.",2013
"Tư Duy Nhanh Và Chậm","Daniel Kahneman","Tâm lý học","Hai hệ thống tư duy của con người","Tư duy nhanh và chậm thinking fast slow hai two hệ systems thống của human con người tư thinking duy. System Hệ 1 tư thinking duy nhanh fast tự automatic động trực intuitive giác không effort không cần nỗ effort lực. System Hệ 2 tư thinking duy chậm slow có logical ý thức cần require effort nỗ lực suy deliberate nghĩ. Kahneman nghiên research cứu bias nhận cognitive thức và sai errors lầm trong judgment phán đoán. Heuristics phương methods pháp đơn simplified giản giúp help quyết decision định nhanh fast. Anchoring effect hiệu ứng neo số first number đầu tiên ảnh influence hưởng đến estimate ước tính. Availability bias thiên lệch dễ easy nhớ remember ví examples dụ gần recent đây. Confirmation bias thiên lệch xác confirm nhận tin information tưởng nghĩ sẵn existing có. Loss aversion ngại loss mất mát người people sợ fear mất lose hơn more muốn want có gain. Prospect lý theory thuyết triển vọng về risk rủi ro và uncertain không chắc decision quyết định.",2011
"Nghệ Thuật Bán Hàng Zig Ziglar","Zig Ziglar","Bán hàng","Kỹ năng và chiến lược bán hàng","Nghệ art thuật bán sales hàng kỹ skills năng và chiến strategies lược để succeed thành công trong sales bán hàng. Ziglar dạy teaches xây building dựng mối relationship quan hệ với customers khách hàng trước before bán sell. Lắng listen nghe hiểu understanding nhu needs cầu và mong desires muốn của customer khách hàng. Đặt ask câu questions hỏi đúng right để discover khám phá pain điểm points đau của customer khách. Present trình bày sản product phẩm như solution giải pháp cho problems vấn đề customer khách hàng. Xử handle lý phản objections đối một natural cách tự natural nhiên trong sales process quy trình. Closing kết chốt thúc deal transaction giao dịch với confidence tự tin không aggressive aggressively áp đặt. Follow theo dõi up sau after bán sale để ensure đảm bảo satisfaction hài lòng và loyalty trung thành. Attitude thái độ tích positive cực quan important trọng hơn more technique kỹ thuật trong sales bán hàng. Success thành công là help giúp đỡ người others khác achieve đạt được họ their mục goals tiêu.",2012
"Nhà Giả Kim Paulo Coelho","Paulo Coelho","Văn học triết lý","Hành trình theo đuổi ước mơ và truyền thuyết","Nhà alchemist giả kim chàng shepherd chăn cừu Santiago hành journey trình theo pursue đuổi ước dream mơ tìm find kho treasure báu. Paulo Coelho triết philosophy lý về theo follow đuổi Personal truyền Legend thuyết cá personal nhân destiny số phận. Santiago giấc dream mơ về kim pyramids tự tháp ai Ai Egypt Cập quyết decides định đi travel du lịch. Gặp meet vua king Melchizedek dạy teaches về listening lắng nghe trái heart tim omens dấu signs hiệu. Bán sell cừu sheep đến đến Tangier Africa bị robbed bị cướp học learns bài lesson học. Làm work việc cho crystal tinh merchant thể thương buôn kiên patience nhẫn và vision tầm nhìn. Đi travel qua desert sa mạc gặp meet nhà alchemist giả kim học learns về soul linh hồn world thế giới. Yêu love Fatima oasis ốc đảo nhưng but phải must tiếp continue hành journey trình. Biến transform thành gió wind để chứng prove bản thân và đạt reach kim pyramids tự tháp. Kho treasure báu thực actually real ở at nhà home ban đầu beginning hành journey trình là transformation biến đổi.",2013
"Lập Trình Java Từ Cơ Bản Đến Nâng Cao","Phạm Văn Anh","Lập trình Java","Giáo trình lập trình Java hướng đối tượng OOP","Học lập trình Java từ cơ bản đến nâng cao với các khái niệm hướng đối tượng. Class và object là nền tảng của Java với các thuộc tính và phương thức. Kế thừa inheritance cho phép class con thừa hưởng từ class cha để tái sử dụng code. Đa hình polymorphism với overriding và overloading giúp code linh hoạt. Interface định nghĩa hợp đồng mà class phải tuân theo. Abstract class không thể khởi tạo trực tiếp dùng làm lớp cơ sở. Constructor khởi tạo object với các tham số ban đầu. Exception handling với try catch finally để xử lý lỗi runtime. Collections framework ArrayList HashMap TreeSet để lưu trữ dữ liệu. Stream API và lambda expression cho functional programming hiện đại.",2021
"Python Cho Khoa Học Dữ Liệu","Nguyễn Thị Bình","Khoa học dữ liệu","Phân tích dữ liệu và machine learning với Python","Python là ngôn ngữ lập trình mạnh mẽ cho data science và machine learning. Pandas library xử lý dataframe đọc CSV Excel làm sạch dữ liệu missing values. NumPy thao tác array matrix tính toán khoa học nhanh chóng hiệu quả. Matplotlib và Seaborn vẽ biểu đồ trực quan hóa dữ liệu histogram scatter plot. Scikit-learn cung cấp thuật toán machine learning regression classification clustering. Linear regression dự đoán giá trị liên tục từ features đầu vào. Logistic regression phân loại binary với sigmoid function. Decision tree và random forest cho bài toán classification phức tạp. K-means clustering phân nhóm dữ liệu không nhãn unsupervised learning. Model evaluation với accuracy precision recall F1-score confusion matrix cross-validation.",2022
"Trí Tuệ Nhân Tạo Và Deep Learning","Lê Quang Dũng","Trí tuệ nhân tạo","Neural networks và deep learning với TensorFlow Keras","Trí tuệ nhân tạo AI là lĩnh vực máy tính mô phỏng trí thông minh con người. Neural network mạng nơ-ron nhân tạo gồm input hidden output layers. Activation function ReLU sigmoid tanh giúp network học non-linear patterns. Backpropagation lan truyền ngược để cập nhật weights thông qua gradient descent. Convolutional neural network CNN cho computer vision xử lý ảnh. Pooling layer giảm kích thước feature maps max pooling average pooling. Recurrent neural network RNN xử lý chuỗi dữ liệu time series text. LSTM long short-term memory giải quyết vanishing gradient problem. Transfer learning sử dụng pretrained model VGG ResNet BERT. Hyperparameter tuning learning rate batch size epochs optimizer Adam SGD.",2023
"Cấu Trúc Dữ Liệu Giải Thuật C++","Trần Minh Hoàng","Thuật toán","Cấu trúc dữ liệu và thuật toán với C++","Cấu trúc dữ liệu data structure tổ chức lưu trữ dữ liệu hiệu quả trong máy tính. Array mảng lưu các phần tử cùng kiểu theo index truy xuất O(1). Linked list danh sách liên kết nodes pointer next previous doubly singly. Stack ngăn xếp LIFO last in first out push pop operations. Queue hàng đợi FIFO first in first out enqueue dequeue circular queue. Tree cây nhị phân binary search tree AVL tree cân bằng chiều cao. Graph đồ thị vertices edges adjacency matrix list BFS DFS traversal. Hash table băm collision resolution chaining open addressing. Sorting algorithms quicksort mergesort heapsort time complexity O(n log n). Searching binary search yêu cầu mảng đã sắp xếp O(log n). Dynamic programming quy hoạch động memoization bài toán tối ưu knapsack LCS.",2020
"Cơ Sở Dữ Liệu SQL Server","Đỗ Văn Tùng","Cơ sở dữ liệu","Quản trị cơ sở dữ liệu SQL Server và T-SQL","Cơ sở dữ liệu database quản lý dữ liệu có cấu trúc tables rows columns. SQL Structured Query Language ngôn ngữ truy vấn cơ sở dữ liệu quan hệ. SELECT lấy dữ liệu FROM bảng WHERE điều kiện ORDER BY sắp xếp. JOIN kết nối bảng INNER LEFT RIGHT FULL OUTER CROSS join. INSERT thêm dữ liệu UPDATE cập nhật DELETE xóa dữ liệu. Primary key khóa chính định danh duy nhất mỗi record. Foreign key khóa ngoại tham chiếu đến primary key bảng khác. Index tạo chỉ mục tăng tốc truy vấn B-tree clustered non-clustered. Stored procedure thủ tục lưu trữ tái sử dụng logic nghiệp vụ. Transaction giao dịch ACID atomicity consistency isolation durability COMMIT ROLLBACK.",2021
"Phát Triển Web với ReactJS","Vũ Thị Mai","Lập trình web","Xây dựng ứng dụng web hiện đại với React hooks","ReactJS là thư viện JavaScript để xây dựng user interface component-based. Component là khối xây dựng cơ bản functional component và class component. JSX syntax mở rộng JavaScript viết HTML trong code dễ đọc. Props properties truyền dữ liệu từ parent component sang child component immutable. State trạng thái nội bộ component thay đổi được re-render UI. useState hook quản lý state trong functional component. useEffect hook xử lý side effects fetch API lifecycle methods. Event handling onClick onChange onSubmit xử lý tương tác người dùng. Conditional rendering hiển thị component theo điều kiện ternary operator. React Router navigation giữa các pages Link Route Switch BrowserRouter. Redux state management global state action reducer store Provider.",2022
"Node.js Backend API Development","Phạm Quốc Khánh","Lập trình backend","Xây dựng REST API với Node.js Express MongoDB","Node.js runtime JavaScript chạy server-side non-blocking event-driven asynchronous. Express framework Node.js routing middleware controller MVC pattern. HTTP methods GET lấy dữ liệu POST tạo mới PUT cập nhật DELETE xóa. REST API thiết kế endpoint resource URL JSON response. MongoDB database NoSQL document-oriented collections flexible schema. Mongoose ODM object data modeling schema model query validation. Authentication xác thực người dùng JWT JSON Web Token. Authorization phân quyền role-based access control middleware guard. bcrypt hash mật khẩu salt rounds security. Error handling try catch async await middleware. CORS cross-origin resource sharing security headers. Testing API Mocha Chai Supertest unit test integration test.",2023
"Docker Kubernetes DevOps","Lê Minh Tuấn","DevOps","Container hóa ứng dụng và orchestration với Kubernetes","Docker là platform container hóa ứng dụng lightweight virtualization isolated environment. Image template chứa code dependencies libraries OS để chạy application. Dockerfile script định nghĩa cách build image FROM RUN COPY CMD. Container instance của image chạy isolated process namespace cgroups. Volume lưu trữ persistent data bind mount named volume. Docker Compose định nghĩa multi-container application services networks. Kubernetes orchestration platform quản lý containers cluster nodes. Pod nhỏ nhất deployment unit chứa một hoặc nhiều containers. Deployment quản lý replicas scaling rolling update. Service expose pod network load balancing ClusterIP NodePort LoadBalancer. ConfigMap Secret quản lý configuration sensitive data. Ingress routing external traffic vào cluster.",2023
"An Toàn Thông Tin Mạng","Hoàng Văn Nam","Bảo mật","Bảo mật hệ thống mạng máy tính và ứng dụng web","An toàn thông tin information security bảo vệ dữ liệu khỏi truy cập trái phép. CIA triad confidentiality bảo mật integrity toàn vẹn availability sẵn sàng. Encryption mã hóa symmetric AES DES asymmetric RSA public private key. Hash function SHA MD5 one-way không thể reverse checksum integrity. Digital signature chữ ký số xác thực người gửi certificate authority PKI. Firewall tường lửa lọc traffic packet filtering stateful inspection. Intrusion detection system IDS phát hiện tấn công signature-based anomaly-based. Penetration testing kiểm thử xâm nhập ethical hacking vulnerability assessment. SQL injection XSS cross-site scripting CSRF web application vulnerabilities. Network security protocol SSL TLS HTTPS VPN IPsec secure communication.",2022
"Kinh Tế Vi Mô Ứng Dụng","Nguyễn Thanh Hà","Kinh tế","Lý thuyết kinh tế vi mô cung cầu thị trường","Kinh tế vi mô microeconomics nghiên cứu hành vi cá nhân doanh nghiệp thị trường. Cung supply số lượng hàng hóa người bán sẵn sàng bán ở mức giá. Cầu demand số lượng hàng hóa người mua muốn mua ở mức giá. Cân bằng thị trường equilibrium giao điểm cung cầu giá và lượng cân bằng. Đàn hồi elasticity độ nhạy cảm quantity khi price thay đổi elastic inelastic. Lý thuyết người tiêu dùng utility function hàm thỏa dụng budget constraint. Lý thuyết nhà sản xuất production function cost curve profit maximization. Cấu trúc thị trường cạnh tranh hoàn hảo monopoly độc quyền oligopoly. Ngoại ứng externalities chi phí lợi ích bên ngoài market failure. Hàng hóa công cộng public goods non-rival non-excludable.",2020
"Marketing Số Digital Marketing","Trần Thị Lan","Marketing","Chiến lược marketing online mạng xã hội SEO","Marketing số digital marketing quảng bá sản phẩm thương hiệu trên internet. SEO search engine optimization tối ưu hóa website lên top Google. Keyword research từ khóa tìm kiếm search volume competition. On-page SEO title meta description heading content optimization. Off-page SEO backlink authority domain rating link building. SEM search engine marketing quảng cáo Google Ads CPC bid keyword. Social media marketing Facebook Instagram TikTok engagement reach. Content marketing blog article video infographic storytelling. Email marketing newsletter campaign automation segmentation personalization. Analytics Google Analytics traffic bounce rate conversion rate ROI. Funnel awareness consideration decision customer journey. A/B testing experiment optimize conversion landing page CTA.",2022
"Quản Trị Nhân Sự Hiện Đại","Vũ Minh Phương","Quản trị nhân sự","Tuyển dụng đào tạo và phát triển nguồn nhân lực","Quản trị nhân sự human resource management tuyển dụng phát triển nhân viên. Recruitment tuyển dụng job description mô tả công việc yêu cầu ứng viên. Interview phỏng vấn structured behavioral situational đánh giá năng lực. Onboarding hội nhập nhân viên mới orientation training văn hóa công ty. Performance management quản trị hiệu suất KPI key performance indicator OKR. 360-degree feedback đánh giá từ nhiều góc độ đồng nghiệp cấp trên cấp dưới. Compensation lương thưởng salary bonus benefit package. Training and development đào tạo phát triển skill upskilling reskilling. Talent management quản trị tài năng succession planning high potential employee. Employee engagement gắn kết nhân viên motivation satisfaction retention turnover. Organizational culture văn hóa tổ chức mission vision values.",2021
"Kế Toán Tài Chính Doanh Nghiệp","Đặng Thị Hương","Kế toán","Nguyên lý kế toán báo cáo tài chính phân tích","Kế toán accounting ghi nhận đo lường báo cáo thông tin tài chính doanh nghiệp. Phương trình kế toán assets tài sản equals liabilities nợ plus equity vốn chủ. Chứng từ voucher invoice receipt hóa đơn chứng minh giao dịch. Sổ sách accounting books general ledger subsidiary ledger journal. Báo cáo tài chính financial statements balance sheet income statement cash flow. Balance sheet bảng cân đối kế toán assets liabilities equity tại thời điểm. Income statement báo cáo kết quả kinh doanh revenue expense net income. Cash flow statement báo cáo lưu chuyển tiền tệ operating investing financing. Depreciation khấu hao tài sản cố định straight-line declining balance. Inventory valuation định giá hàng tồn kho FIFO LIFO weighted average.",2020
"Luật Doanh Nghiệp Việt Nam","Lê Văn Toàn","Luật","Luật doanh nghiệp hợp đồng lao động thương mại","Luật doanh nghiệp enterprise law quy định thành lập hoạt động giải thể công ty. Công ty TNHH limited liability company một thành viên hai thành viên trở lên. Công ty cổ phần joint stock company cổ đông cổ phiếu đại hội cổ đông. Điều lệ công ty charter quy định quyền nghĩa vụ thành viên cổ đông. Hợp đồng contract thỏa thuận giữa các bên quyền và nghĩa vụ. Hợp đồng lao động labor contract người lao động người sử dụng lao động. Quyền và nghĩa vụ của người lao động lương thưởng bảo hiểm nghỉ phép. Chấm dứt hợp đồng termination thôi việc sa thải bồi thường. Hợp đồng mua bán sale contract seller buyer goods payment delivery. Tranh chấp hợp đồng dispute breach resolution arbitration litigation.",2021
"Đắc Nhân Tâm Dale Carnegie","Dale Carnegie","Kỹ năng sống","Nghệ thuật giao tiếp và ứng xử tạo ảnh hưởng","Đắc nhân tâm how to win friends nghệ thuật giao tiếp ứng xử tạo ảnh hưởng tích cực. Đừng phê phán chỉ trích don't criticize condemn complain người khác sai lầm. Khen ngợi chân thành sincere appreciation động viên khích lệ người khác. Gợi lên mong muốn thiết tha arouse eager want trong người khác. Thật sự quan tâm become genuinely interested đến người khác lắng nghe. Nụ cười smile tươi là cách đơn giản tạo thiện cảm. Gọi tên name nhớ remember điều quan trọng nhất với mọi người. Khuyến khích encourage người khác nói talk về bản thân họ. Làm cho feel important người khác cảm thấy quan trọng chân thành. Tránh tranh luận avoid arguments thừa nhận sai lầm admit mistakes nhanh chóng. Bắt đầu friendly manner thân thiện đồng cảm sympathetic người khác.",2015
"Tuổi Trẻ Đáng Giá Bao Nhiêu","Rosie Nguyễn","Kỹ năng sống","Phát triển bản thân định hướng nghề nghiệp cho giới trẻ","Tuổi trẻ là giai đoạn quý giá nhất để phát triển bản thân định hướng tương lai. Đặt mục tiêu rõ ràng goal setting SMART specific measurable achievable. Quản lý thời gian time management ưu tiên công việc quan trọng khẩn cấp. Đọc sách reading books học hỏi kiến thức mới mở rộng tầm nhìn. Networking xây dựng mối quan hệ kết nối người có ích cơ hội. Kỹ năng mềm soft skills giao tiếp làm việc nhóm thuyết trình. Tư duy tích cực positive mindset vượt qua khó khăn thất bại. Tiết kiệm đầu tư saving investing tài chính cá nhân lãi kép compound. Sức khỏe health tập thể dục ăn uống nghỉ ngơi cân bằng. Đam mê passion theo đuổi ước mơ không bỏ cuộc perseverance. Học từ thất bại learn from failure cải thiện bản thân growth mindset.",2019
"Nghĩ Giàu Làm Giàu Think Rich","Napoleon Hill","Tài chính cá nhân","Tư duy làm giàu nguyên tắc thành công","Nghĩ giàu làm giàu think and grow rich tư duy mindset là chìa khóa thành công giàu có. Desire khao khát burning desire mong muốn mãnh liệt đạt mục tiêu. Faith đức tin belief tin tưởng vào bản thân và khả năng. Autosuggestion tự gợi ý affirmation khẳng định tích cực mỗi ngày. Specialized knowledge kiến thức chuyên môn học hỏi không ngừng. Imagination trí tưởng tượng sáng tạo ý tưởng mới đổi mới. Organized planning kế hoạch chi tiết hành động cụ thể. Decision quyết đoán decisive không trì hoãn procrastination. Persistence kiên trì perseverance không bỏ cuộc khi gặp khó khăn. Mastermind group nhóm cố vấn học hỏi từ người thành công. Subconscious mind tiềm thức lập trình suy nghĩ tích cực. Transmutation chuyển hóa năng lượng passion sang productive work.",2016
"Atomic Habits Thói Quen Tốt","James Clear","Tự phát triển","Xây dựng thói quen tích cực phá bỏ thói xấu","Atomic habits thói quen nguyên tử tiny changes remarkable results thay đổi nhỏ kết quả lớn. Cue tín hiệu trigger kích hoạt behavior hành vi thói quen. Craving khao khát motivation động lực muốn thực hiện. Response phản ứng action hành động thực tế làm. Reward phần thưởng satisfaction thỏa mãn củng cố thói quen. Make it obvious rõ ràng environment môi trường visual cues. Make it attractive hấp dẫn temptation bundling habit stacking. Make it easy dễ dàng reduce friction two-minute rule. Make it satisfying thỏa mãn immediate reward tracking progress. Identity-based habits dựa trên bản sắc who you want to become. 1% better mỗi ngày compound effect lãi kép theo thời gian. Plateau of latent potential kiên nhẫn breakthrough tipping point.",2020
"Sapiens Lược Sử Loài Người","Yuval Harari","Lịch sử","Lịch sử nhân loại từ cổ đại đến hiện đại","Sapiens lược sử loài người history humankind từ săn bắn đến thống trị trái đất. Cách mạng nhận thức cognitive revolution ngôn ngữ language fiction tưởng tượng. Homo sapiens sapiens khả năng tin vào fiction myths legends gods. Cách mạng nông nghiệp agricultural revolution trồng trọt chăn nuôi định cư settled. Wheat밀 lúa mì domesticated thuần hóa con người hay ngược lại paradox. Empire đế chế unification thống nhất văn hóa religion tôn giáo money tiền tệ. Cách mạng khoa học scientific revolution kiến thức knowledge technology công nghệ. Capitalism chủ nghĩa tư bản growth tăng trưởng credit tín dụng investment. Industrial revolution công nghiệp machines máy móc urbanization đô thị hóa. Future tương lai biotechnology công nghệ sinh học AI cyborg immortality bất tử. Meaning ý nghĩa happiness hạnh phúc subjective well-being.",2018
"Tôi Thấy Hoa Vàng Trên Cỏ Xanh","Nguyễn Nhật Ánh","Văn học Việt Nam","Tuổi thơ miền quê Việt Nam tình anh em","Tuổi thơ childhood miền quê Vietnamese countryside hai anh em Thiều Tường brotherhood. Làng quê village yên bình peaceful cánh đồng rice fields sông suối streams. Tình anh em sibling love gắn bó close yêu thương chia sẻ sharing. Mẹ mother cha father gia đình family nghèo poor nhưng ấm áp warm. Bạn bè friends làng xóm neighborhood trò chơi traditional games dân gian. Thiên nhiên nature hoa vàng yellow flowers cỏ xanh green grass mùa hè summer. Kỷ niệm memories tuổi thơ ngây thơ innocent trong sáng pure. Nỗi buồn sadness chia ly separation trưởng thành growing up xa cách distance. Hoài niệm nostalgia về quá khứ past đẹp đẽ beautiful thanh bình peaceful. Giá trị values gia đình family tình người compassion làng quê countryside Vietnam.",2010
"Mắt Biếc Nguyễn Nhật Ánh","Nguyễn Nhật Ánh","Văn học Việt Nam","Tình yêu đơn phương tuổi thơ Hà Lan","Mắt biếc blue eyes tình yêu love đơn phương unrequited Ngạn Hà Lan. Tuổi thơ childhood làng quê village yên bình tình cảm feelings trong sáng pure. Hà Lan cô gái girl xinh đẹp beautiful mắt biếc blue eyes đặc biệt. Ngạn chàng trai boy yêu thương love Hà Lan từ bé childhood. Trưởng thành growing up chia ly separation đi xa away Hà Lan lấy chồng married. Nỗi đau pain tình yêu love không thành unrequited sacrifice hy sinh. Hoài niệm nostalgia kỷ niệm memories đẹp beautiful quá khứ past. Cảm xúc emotions buồn sad sâu lắng deep chạm touching trái tim heart. Tuổi trẻ youth ước mơ dreams tình đầu first love khó quên unforgettable. Thông điệp message về tình yêu love chân thành sincere và nỗi nhớ longing.",2014
"Truyện Kiều Nguyễn Du","Nguyễn Du","Văn học cổ điển","Thơ Nôm kiệt tác văn học Việt Nam Thúy Kiều","Truyện Kiều masterpiece thơ Nôm Nom poetry kiệt tác văn học Vietnamese literature cổ điển classical. Thúy Kiều tài sắc talented beautiful xuất chúng outstanding tài tử giai nhân beauty scholar. Kim Trọng tình yêu love thề nguyền vow sơn minh sea mountain hải thệ. Số phận fate destiny gia đình family khốn khó poverty bán thân sacrifice chuộc cha father. Mã Giám Sinh lừa dối deceive gian ác evil đày đọa suffering khổ nhục humiliation. Sở Khanh phụ tình unfaithful bạc nghĩa betrayal quân tử giả hypocrite gentleman. Từ Hải nghĩa hiệp righteous hero anh hùng thủy chung faithful loyal love. Hoàn Thư hiền thục virtuous nhường nhịn tolerant chung thủy faithful wife. Tài hoa talent gặp meet bạc mệnh ill-fate nhân sinh life nhiều nỗi sorrows. Luân thường moral đạo lý ethics trung loyalty hiếu filial tiết chastity nghĩa righteousness.",1820
"Số Đỏ Vũ Trọng Phụng","Vũ Trọng Phụng","Văn học Việt Nam","Phê phán xã hội thời thuộc địa Xuân Tóc Đỏ","Số đỏ lucky number phê phán satire xã hội society thời Pháp thuộc colonial Việt Nam. Xuân Tóc Đỏ Red-haired Xuân nhà báo journalist cơ hội opportunist không đạo đức immoral. Thế giới world báo chí press văn nghệ sĩ artists giả dối fake hypocrite. Vũ Trọng Phụng châm biếm satirize sâu sắc sharp những mặt trái dark side xã hội society. Ngôn ngữ language sắc bén sharp hài hước humorous phơi bày expose thực tế reality. Nhân vật characters điển hình typical cho giai cấp class thời period đó. Hiện thực phê phán critical realism văn học literature Việt Nam Vietnam hiện đại modern. Xã hội society bất công unjust đạo đức morality sa sút decline corruption tham nhũng. Nghệ thuật art phê phán criticism sắc sảo keen quan sát observation tỉ mỉ detailed. Giá trị value tác phẩm work lịch sử historical văn học literary Việt Nam Vietnam.",1936
"Chí Phèo Nam Cao","Nam Cao","Văn học Việt Nam","Bi kịch con người bị xã hội đẩy đi","Chí Phèo nhân vật character bi kịch tragedy xã hội society ruồng bỏ outcast reject. Nam Cao tác giả writer hiện thực realistic khắc họa portray số phận fate người human. Con người person mất nhân tính humanity vì do hoàn cảnh circumstances xã hội society. Nghèo đói poverty bị đối treat xử tệ badly trở thành become côn đồ hooligan. Tình yêu love Thị Nở duy nhất only hi vọng hope cuộc đời life Chí Phèo. Xã hội society phong kiến feudal áp bức oppression bất công injustice tạo create ra. Bi kịch tragedy không chỉ only cá nhân individual mà but xã hội social cả whole. Trách nhiệm responsibility xã hội society với người people bất hạnh unfortunate. Tác phẩm work sức mạnh power lay động moving mạnh strong về nhân văn humanism. Nam Cao văn học literature hiện thực realistic phê phán critical xuất sắc excellent Việt Nam.",1941
"Lão Hạc Nam Cao","Nam Cao","Văn học Việt Nam","Số phận người nông dân nghèo xã hội cũ","Lão Hạc old man Hạc người nông dân peasant nghèo poor xã hội society cũ old Việt Nam. Số phận fate bi thảm tragic tầng lớp class dưới lower đáy bottom xã hội society. Nghèo khó poverty không có nothing con chó dog Vàng tên Yellow là bạn friend duy nhất only. Người làng neighbors xa lánh avoid khinh thường despise vì because nghèo poor bệnh sick. Con trai son bỏ abandon cha father không chăm care sóc looking sau after. Lão già old man quyết định decide giết kill con chó dog yêu quý beloved rồi then tự tử suicide. Bi kịch tragedy xã hội society bất công unjust không nhân humanity đạo moral. Nam Cao tố cáo accuse chế độ regime phong kiến feudal thực dân colonial áp bức oppression. Tác phẩm work giá trị value nhân văn humanistic sâu sắc profound sức lay động moving power. Văn học literature hiện thực realistic Việt Nam Vietnam tiêu biểu typical outstanding.",1943
"Vợ Nhặt Kim Lân","Kim Lân","Văn học Việt Nam","Nạn đói 1945 tình người nghèo khó","Vợ nhặt picked-up wife truyện story nạn đói famine 1945 năm year Việt Nam Vietnam. Tràng nhân vật character nhặt pick người phụ nữ woman bỏ abandoned đói starving giữa amid nạn đói famine. Kim Lân tác giả author tái hiện recreate chân thực realistic cảnh scene đói khát starvation kinh hoàng terrible. Người dân people chết die đói starvation khắp everywhere thây corpse nằm lie đường roads. Tình người compassion humanity giữa trong hoàn cảnh circumstances khốn cùng desperate cùng cực extreme. Tràng nghèo poor nhưng but chia sẻ share cơm rice cháo porridge cứu save người woman. Tình yêu love nảy sinh arise từ from lòng nhân ái compassion không conditioned điều kiện. Người đàn bà woman hồi phục recover cảm động moved tình feelings Tràng ở lại stay. Tác phẩm work bộc lộ reveal lòng người heart human đẹp beautiful khổ đau suffering. Giá trị value nhân văn humanistic sâu sắc deep văn học literature Việt Nam Vietnam.",1956
"Tắt Đèn Ngô Tất Tố","Ngô Tất Tố","Văn học Việt Nam","Nông dân nghèo thời Pháp thuộc","Tắt đèn lights out tiểu thuyết novel về nông dân peasants nghèo poor thời era Pháp French thuộc colonial. Chí Phèo Thị Nở nhân vật characters điển hình typical số phận fate bi thảm tragic. Ngô Tất Tố tố cáo denounce chế độ regime phong kiến feudal thực dân colonialism áp bức oppression. Nông thôn countryside Việt Nam Vietnam nghèo đói poverty bóc lột exploitation thuế taxes nặng heavy. Địa chủ landlords quan lại mandarins bóc lột exploit người nông dân peasants tàn nhẫn cruel. Dân peasants chịu suffer đựng endure khổ cực hardship không lối way thoát escape. Hiện thực realistic sâu sắc profound về cuộc sống life nông thôn rural nghèo poor. Văn học literature hiện thực realism phê phán critical tiêu biểu representative Việt Nam Vietnam. Giá trị value tác phẩm work lịch sử historical nghệ thuật artistic cao high. Tố cáo accusation bất công injustice xã hội society cũ old kêu gọi call thay đổi change.",1939
"Dế Mèn Phiêu Lưu Ký Tô Hoài","Tô Hoài","Văn học thiếu nhi","Hành trình phiêu lưu của dế mèn","Dế Mèn cricket phiêu lưu adventure hành trình journey rời leave làng village khám phá explore thế giới world. Tô Hoài tác giả author nhân cách hóa personify côn trùng insects dạy teach bài học lessons cuộc sống life. Dế Mèn tính personality tò mò curious ham học eager knowledge muốn want khám phá discover. Gặp meet nhiều many nhân vật characters bạn friends kẻ enemy thù trong on đường road. Dế Choắt bạn friend tốt good trung thành loyal giúp đỡ help Dế Mèn khó khăn difficulties. Trải nghiệm experience nhiều many tình huống situations nguy hiểm dangerous thử thách challenges. Học learn được lessons về tình bạn friendship lòng dũng cảm courage trách nhiệm responsibility. Cuối cùng finally trở về return làng village trưởng thành mature hơn more hiểu understand ý nghĩa meaning. Tác phẩm work giá trị value giáo dục educational cao high cho trẻ em children Việt Nam. Văn học literature thiếu nhi children kinh điển classic nổi tiếng famous.",1941
"Tôi Là Bêtô Nguyễn Nhật Ánh","Nguyễn Nhật Ánh","Văn học thiếu nhi","Chuyện học trò vui nhộn hài hước","Tôi là Bêtô I am Beto chuyện stories học trò students vui funny hài hước humorous cuộc sống life trường school. Bêtô nhân vật character chính main học sinh student tinh nghịch mischievous thông minh smart. Bạn bè friends lớp class có nhiều many tính personality cách khác different nhau tạo create vui fun. Những tình huống situations hài funny xảy happen trong at trường school lớp classroom. Nguyễn Nhật Ánh tác giả author tái hiện recreate tuổi học trò school days trong pure sáng innocent. Các nhân vật characters gần close gũi relatable với to độc giả readers học sinh students. Những bài học lessons về tình bạn friendship sự chân thành sincerity và giúp đỡ helping. Văn phong style nhẹ light nhàng gentle hài humorous dễ easy đọc read hiểu understand. Tác phẩm work được love yêu thích nhiều many thế hệ generations học sinh students Việt Nam. Giá trị value giải entertainment trí entertainment và giáo educational dục educational.",2007
"Cho Tôi Xin Vé Đi Tuổi Thơ","Nguyễn Nhật Ánh","Văn học Việt Nam","Hồi ức tuổi thơ tình cảm gia đình","Cho tôi xin vé đi tuổi thơ give me ticket childhood hồi ức memories tuổi thơ childhood tác giả author. Nguyễn Nhật Ánh kể tell về about gia đình family mẹ mother anh chị siblings em. Tuổi thơ childhood ở at miền quê countryside nghèo poor nhưng but ấm áp warm hạnh phúc happy. Tình cảm feelings gia đình family sâu sắc deep gắn bó close yêu thương love. Mẹ mother nhân vật character trung tâm central hi sacrifice hy sinh vì for con children. Anh chị em siblings gắn bó bond chia share sẻ khó hardship khăn cùng together vui happy. Những kỷ niệm memories đẹp beautiful về about tuổi thơ childhood khó hard quên forget. Văn phong style chân sincere thành gần close gũi đầy full cảm emotion xúc. Tác phẩm work gợi evoke nhớ nostalgia về tuổi childhood thơ và family gia đình. Giá value trị về family gia đình tình love yêu thương và memories kỷ niệm.",2008
"Cánh Đồng Bất Tận Nguyễn Ngọc Tư","Nguyễn Ngọc Tư","Văn học Việt Nam","Cuộc sống đồng bằng sông Cửu Long","Cánh đồng bất tận endless fields tiểu novel thuyết về cuộc life sống miền region Tây West Nam South sông river nước water. Nguyễn Ngọc Tư khắc portray họa chân realistic thực cuộc life sống người people miền countryside quê. Nhân characters vật sống live gắn tied bó với land đất ruộng fields cánh fields đồng. Tình love yêu số fate phận khát thirst vọng aspiration con human người miền rural quê. Văn prose phong mộc rustic mạc gần close gũi với life đời sống thực reality tế. Cảnh scenes miền Tây West đẹp beautiful sông river rạch canals lúa rice nước water mênh vast mông. Những con human người với struggles đấu tranh tìm find kiếm hy hope vọng cuộc life sống. Tác work phẩm được praise đánh giá cao high về giá artistic trị nghệ artistic thuật. Văn literature học đương contemporary đại nổi outstanding bật Việt Vietnam Nam. Thông message điệp về cuộc life sống tình love yêu và khát aspiration vọng.",2005
"Hạnh Phúc Của Kẻ Cho Đi","Adam Grant","Tâm lý học","Tâm lý sự cho đi và nhận lại","Hạnh phúc của kẻ cho đi give and take tâm psychology lý về sự cho giving đi và nhận receiving lại. Adam Grant nghiên research cứu ba three kiểu types người people giver taker matcher. Giver người person cho give nhiều much hơn more nhận receive không expect mong đợi đền reward đáp. Taker người person luôn always nhận take nhiều much hơn more cho give ích self-serving kỷ. Matcher người person cân balance bằng cho giving và nhận taking quid pro quo trao exchange đổi. Nghiên research cứu chỉ show ra giver thành successful công nhất most trong long term dài hạn. Cho giving tạo creates mạng network lưới quan relationship hệ giúp help đỡ lẫn mutual nhau. Nhưng but giver cần need tránh avoid bị exploit lợi dụng bởi by takers. Strategic strategically cho giving thông smart minh biết know khi when nào giúp help ai who. Hạnh happiness phúc đến comes từ from việc giving cho đi và đóng contribute góp cho community cộng đồng.",2013
"Tư Duy Nhanh Và Chậm","Daniel Kahneman","Tâm lý học","Hai hệ thống tư duy của con người","Tư duy nhanh và chậm thinking fast slow hai two hệ systems thống của human con người tư thinking duy. System Hệ 1 tư thinking duy nhanh fast tự automatic động trực intuitive giác không effort không cần nỗ effort lực. System Hệ 2 tư thinking duy chậm slow có logical ý thức cần require effort nỗ lực suy deliberate nghĩ. Kahneman nghiên research cứu bias nhận cognitive thức và sai errors lầm trong judgment phán đoán. Heuristics phương methods pháp đơn simplified giản giúp help quyết decision định nhanh fast. Anchoring effect hiệu ứng neo số first number đầu tiên ảnh influence hưởng đến estimate ước tính. Availability bias thiên lệch dễ easy nhớ remember ví examples dụ gần recent đây. Confirmation bias thiên lệch xác confirm nhận tin information tưởng nghĩ sẵn existing có. Loss aversion ngại loss mất mát người people sợ fear mất lose hơn more muốn want có gain. Prospect lý theory thuyết triển vọng về risk rủi ro và uncertain không chắc decision quyết định.",2011
"Nghệ Thuật Bán Hàng Zig Ziglar","Zig Ziglar","Bán hàng","Kỹ năng và chiến lược bán hàng","Nghệ art thuật bán sales hàng kỹ skills năng và chiến strategies lược để succeed thành công trong sales bán hàng. Ziglar dạy teaches xây building dựng mối relationship quan hệ với customers khách hàng trước before bán sell. Lắng listen nghe hiểu understanding nhu needs cầu và mong desires muốn của customer khách hàng. Đặt ask câu questions hỏi đúng right để discover khám phá pain điểm points đau của customer khách. Present trình bày sản product phẩm như solution giải pháp cho problems vấn đề customer khách hàng. Xử handle lý phản objections đối một natural cách tự natural nhiên trong sales process quy trình. Closing kết chốt thúc deal transaction giao dịch với confidence tự tin không aggressive aggressively áp đặt. Follow theo dõi up sau after bán sale để ensure đảm bảo satisfaction hài lòng và loyalty trung thành. Attitude thái độ tích positive cực quan important trọng hơn more technique kỹ thuật trong sales bán hàng. Success thành công là help giúp đỡ người others khác achieve đạt được họ their mục goals tiêu.",2012
"Chiến Tranh Tiền Tệ Song Hongbing","Song Hongbing","Tài chính","Lịch sử thao túng tiền tệ thế giới","Chiến currency tranh tiền currency tệ phân analysis tích vai role trò gia families tộc tài financial phiệt trong system hệ thống tài financial chính. Tác author giả phân analyzes tích lịch history sử tiền currency tệ và các crises khủng hoảng kinh economic tế. Rothschild và banking gia tộc banking families khác other ảnh influence hưởng đến policies chính sách tiền monetary tệ. Federal Reserve Cục Dự Federal trữ Liên Federal bang Mỹ America không not phải government chính phủ mà private tư nhân. Manipulate thao túng interest lãi suất để tạo create boom bùng prosperity nổ và recession suy bust thoái. Gold tiêu standard chuẩn vàng bị abandoned bỏ để in print tiền money không limited giới hạn. Debt nợ công public sovereign và nợ debt tư private nhân tăng increase liên continuously tục. Crises khủng hoảng tài financial chính được planned lập kế plan hoạch để consolidate củng cố quyền power lực. Controversial tranh cãi nhưng but thought kích kích thích tư thinking duy về hệ financial system thống tài chính. Cảnh warning báo về quyền power lực của money tiền tệ trong politics chính trị world thế giới.",2007
"Nhà Giả Kim Paulo Coelho","Paulo Coelho","Văn học triết lý","Hành trình theo đuổi ước mơ và truyền thuyết","Nhà alchemist giả kim chàng shepherd chăn cừu Santiago hành journey trình theo pursue đuổi ước dream mơ tìm find kho treasure báu. Paulo Coelho triết philosophy lý về theo follow đuổi Personal truyền Legend thuyết cá personal nhân destiny số phận. Santiago giấc dream mơ về kim pyramids tự tháp ai Ai Egypt Cập quyết decides định đi travel du lịch. Gặp meet vua king Melchizedek dạy teaches về listening lắng nghe trái heart tim omens dấu signs hiệu. Bán sell cừu sheep đến đến Tangier Africa bị robbed bị cướp học learns bài lesson học. Làm work việc cho crystal tinh merchant thể thương buôn kiên patience nhẫn và vision tầm nhìn. Đi travel qua desert sa mạc gặp meet nhà alchemist giả kim học learns về soul linh hồn world thế giới. Yêu love Fatima oasis ốc đảo nhưng but phải must tiếp continue hành journey trình. Biến transform thành gió wind để chứng prove bản thân và đạt reach kim pyramids tự tháp. Kho treasure báu thực actually real ở at nhà home ban đầu beginning hành journey trình là transformation biến đổi.",2013
"Python Cho Khoa Học Dữ Liệu","Nguyễn Thị Bình","Khoa học dữ liệu","Phân tích dữ liệu và machine learning với Python","Python là ngôn ngữ lập trình mạnh mẽ cho data science và machine learning. Pandas library xử lý dataframe đọc CSV Excel làm sạch dữ liệu missing values. NumPy thao tác array matrix tính toán khoa học nhanh chóng hiệu quả. Matplotlib và Seaborn vẽ biểu đồ trực quan hóa dữ liệu histogram scatter plot. Scikit-learn cung cấp thuật toán machine learning regression classification clustering. Linear regression dự đoán giá trị liên tục từ features đầu vào. Logistic regression phân loại binary với sigmoid function. Decision tree và random forest cho bài toán classification phức tạp. K-means clustering phân nhóm dữ liệu không nhãn unsupervised learning. Model evaluation với accuracy precision recall F1-score confusion matrix cross-validation.",2022
